type,ids,length,openings
IW,IW,3600.0,1
IW,IW,3600.0,1
IW,IW,7200.0,2
IW,IW,5400.0000000001328,1
IW,IW,4499.998596191419,0
IW,IW,1800.0,0
IW,IW,3600.0,0
IW,IW,3600.0,0
IW,IW,3600.0,0
IW,IW,7200.0,4
IW,IW,8100.0,3
IW,IW,3600.0003906251341,0
IW,IW,3599.9995117187354,0
IW,IW,1800.0,1
IW,IW,3600.0,0
IW,IW,900.0,0
IW,IW,3600.0,0
IW,IW,900.0,0
IW,IW,1800.0,1
IW,IW,1799.9995117187354,0
