type,ids,length,openings
IW,IW,3600.0,1
IW,IW,3600.0,1
IW,IW,3600.0,1
IW,IW,6300.0,2
IW,IW,7199.99908447291,0
IW,IW,3600.0,1
IW,IW,1800.0,0
IW,IW,5400.0,1
IW,IW,899.99908447265261,0
IW,IW,4500.0,0
IW,IW,4500.0013037115905,1
IW,IW,7200.0,2
IW,IW,2700.0,0
IW,IW,3600.0,0
IW,IW,900.0,2
IW,IW,3600.0,0
IW,IW,900.0,0
IW,IW,3600.0,0
IW,IW,1800.0,1
IW,IW,1800.0,1
IW,IW,1800.0,1
IW,IW,3600.0,0
IW,IW,1800.0,1
