type,ids,length,openings
IW,IW,2699.9999999999982,0
IW,IW,3600.0,1
IW,IW,5400.0,1
IW,IW,7200.0,1
IW,IW,7200.0,2
IW,IW,1800.0,0
IW,IW,2700.0000000000009,0
IW,IW,2700.0,1
IW,IW,4500.0,1
IW,IW,6300.0,2
IW,IW,4500.0000000000055,1
IW,IW,1800.0,1
IW,IW,3600.0,1
IW,IW,3600.0,0
IW,IW,900.0,0
IW,IW,3600.0,0
IW,IW,900.0,0
IW,IW,1800.0,1
IW,IW,2700.0,0
IW,IW,2699.9999999999927,0
IW,IW,1800.0,1
IW,IW,3600.0,0
IW,IW,3600.0,0
