type,ids,length,openings
IW,IW,7200.0,2
IW,IW,2699.9999999999991,1
IW,IW,2700.0,0
IW,IW,3600.0,0
IW,IW,3600.0,0
IW,IW,3600.0,0
IW,IW,3600.0,0
IW,IW,899.9985961913917,0
IW,IW,2700.0,1
IW,IW,7200.0,4
IW,IW,8100.0,3
IW,IW,1800.0004882812627,0
IW,IW,1800.0,1
IW,IW,2700.0,1
IW,IW,2700.0,0
IW,IW,1799.9995117187354,0
IW,IW,900.0,0
