type,ids,length,openings
IW,IW,7200.0,2
IW,IW,1800.0,0
IW,IW,4500.0000000000009,1
IW,IW,7200.0,1
IW,IW,3600.0,1
IW,IW,2700.0,1
IW,IW,3600.0,0
IW,IW,899.99954223632767,0
IW,IW,2700.0,1
IW,IW,6300.0,2
IW,IW,9000.0,1
IW,IW,4500.0000000000064,1
IW,IW,3600.0000000000286,2
IW,IW,2700.0,0
IW,IW,2700.0,1
IW,IW,1800.0,1
IW,IW,3600.0,0
IW,IW,1800.0000000000005,1
IW,IW,1800.0,0
IW,IW,900.0,0
