type,ids,length,openings
IW,IW,7200.0,2
IW,IW,8100.0000000000009,1
IW,IW,2700.0,1
IW,IW,900.0,0
IW,IW,3600.0,1
IW,IW,3600.0,0
IW,IW,900.00000000000091,0
IW,IW,3600.0,1
IW,IW,2700.0,1
IW,IW,2700.0,1
IW,IW,3600.0000000000127,2
IW,IW,8100.0,1
IW,IW,900.0,0
IW,IW,1800.0,0
IW,IW,2700.0,0
IW,IW,1800.0,1
IW,IW,1800.0,0
IW,IW,900.0,0
IW,IW,900.0,0
IW,IW,3600.0,0
