type,ids,length,openings
IW,IW,2699.9999999999982,0
IW,IW,3600.0,1
IW,IW,7200.0,2
IW,IW,4499.9990844726563,0
IW,IW,5400.0,1
IW,IW,899.99954223632858,0
IW,IW,1800.0,0
IW,IW,3600.0,0
IW,IW,3600.0,0
IW,IW,3600.0,0
IW,IW,7200.0,4
IW,IW,8100.0,3
IW,IW,9000.0,2
IW,IW,1800.000000000058,1
IW,IW,1800.0,1
IW,IW,1800.0,1
IW,IW,3600.0,1
IW,IW,3600.0,0
IW,IW,900.0,0
IW,IW,3600.0,0
IW,IW,900.0,0
IW,IW,1800.0,1
