type,ids,length,openings
IW,IW,3600.0,1
IW,IW,7200.0,2
IW,IW,6300.0,0
IW,IW,2700.0000000000009,0
IW,IW,3600.0,0
IW,IW,1800.0,0
IW,IW,1800.0,1
IW,IW,3600.0,0
IW,IW,899.99859619139079,0
IW,IW,2700.0,1
IW,IW,4500.0,1
IW,IW,7200.0,3
IW,IW,1800.0004882812627,0
IW,IW,4500.0000000000064,1
IW,IW,3600.0,0
IW,IW,1800.0,1
IW,IW,2700.0,0
IW,IW,1800.0,1
IW,IW,3600.0,0
IW,IW,900.0,0
IW,IW,1799.9995117187354,0
IW,IW,900.0,0
